"","x","y"
"47x2553",47.4870140191372,2552.71246463426
"69x6221",69.1085553997195,6220.87870166299
"84x2248",83.6384392634393,2247.7920997921
"117x54",117.192515223927,53.8494951052185
"157x3715",157.073168820995,3715.09294947121
"112x161",112.067202949556,161.278238645886
"108x274",108.147352572146,274.30860727729
"150x2720",149.63781912592,2719.89473270131
"184x507",184.134635869261,506.669563267366
"209x4104",208.68783408891,4103.80103525272
"225x3964",225.352934126952,3963.62381656214
"327x4330",327.170850951374,4329.59098837209
"278x3599",278.085523982186,3598.79123477713
"374x5376",373.945774608026,5375.66349691515
"411x5024",411.468424263321,5024.12532159245
"437x5249",436.779009151639,5249.33026991543
"431x4591",430.854027966303,4591.11106801974
"455x2706",455.283941677912,2706.18869104433
"561x138",561.384867421777,138.088443345051
"538x5785",537.970182500293,5785.15244831764
"530x2833",529.552406741678,2832.57967225361
"539x2954",538.874916901048,2953.63891587829
"587x1839",586.836134843982,1838.82215824666
"606x6172",606.4809927656,6171.81063212941
"622x6005",621.826736370426,6005.43146174214
"621x686",620.639468963043,686.395981341945
"608x6495",607.605082342676,6494.5280837605
"675x2050",674.719667819395,2049.50572305294
"718x5878",717.638464793776,5878.14622871838
"682x3065",681.957085097577,3064.97570914648
"683x6467",682.595716936657,6467.24028286273
"662x445",662.041807987817,445.352806811103
"691x2692",691.309526691684,2691.6742525118
"683x340",682.698884472368,340.484780100013
"678x3620",677.635639741811,3620.09247752911
"754x144",754.352194421259,143.601665469651
"792x1030",791.654476723544,1029.75641695036
"806x1748",806.463947123825,1748.10953216978
"809x742",809.061882939132,741.964752560514
"840x3681",839.924078624079,3680.98456183456
"878x4498",877.63164128039,4497.84725466329
"956x674",955.509136043625,673.600964473202
"942x433",942.36626573315,433.405122374484
"952x2048",952.49045270109,2047.9783395656
"977x1702",977.196000737191,1702.46853114633
"1061x2466",1060.51732757641,2466.29323940461
"1002x133",1001.51656678005,133.027842269136
"1088x1005",1088.02002809697,1005.24982289303
"1129x1221",1128.58465535158,1221.43688950468
"1097x2692",1097.09157645118,2692.28235900608
"1154x5139",1154.34452984154,5138.59072650789
"1138x597",1137.55172342621,597.064189886481
"1157x336",1157.24898245954,336.379227638337
"1171x2099",1171.29057747739,2099.31607196104
"1157x1675",1157.40637049847,1674.86602322918
"1198x98",1197.60337439743,98.480684252812
"1267x1251",1266.56751304483,1251.01433476228
"1286x1631",1285.9245711993,1630.75010866294
"1299x545",1299.44932638465,544.992376781061
"1293x5715",1292.88075013337,5715.48102096926
"1320x173",1320.43766503538,173.267894236524
"1318x2259",1317.96567290044,2259.14068158143
"1342x1797",1342.46483207315,1797.13712560811
"1330x3737",1329.53089077622,3736.85147145961
"1423x1461",1423.21171651517,1460.97012474822
"1408x3009",1408.44235479804,3009.14253210483
"1455x455",1454.94127426312,455.481196081955
"1461x832",1461.31487805534,831.94468794536
"1474x4321",1474.37965883028,4320.94040280963
"1478x278",1478.42998047532,277.900929105231
"1491x1905",1491.3336686009,1904.89957446809
"1498x4095",1497.93272067166,4094.88180735194
"1548x2758",1548.08464000742,2758.11377342735
"1560x1209",1559.98380479765,1208.70139199914
"1580x2072",1579.62029998269,2072.17139619434
"1628x5252",1628.20298240382,5252.09027736356
"1681x4677",1680.57776805841,4677.41668068499
"1640x582",1640.01688860706,582.37391671951
"1668x1710",1668.08057699696,1709.93044252733
"1646x3610",1646.46564639445,3609.81856861051
"1709x1918",1709.21759653331,1918.01230364466
"1716x5810",1715.68499656501,5810.29349741629
"1702x374",1701.99700746166,373.986789518241
"1696x805",1695.85505283677,804.876043910947
"1701x1113",1700.57760919094,1112.7782975423
"1720x2478",1720.02626961189,2478.19891876548
"1796x5571",1795.66884601317,5571.05559619605
"1749x3980",1749.29880822066,3979.85229953285
"1852x4926",1852.26310861423,4925.87767027327
"1823x6241",1822.82794805195,6240.91799134199
"1829x1040",1828.63186250903,1040.17014808572
"1880x871",1879.62963175899,870.594848650358
"1823x1296",1822.93018943974,1296.0581821846
"1881x1670",1880.62657498652,1669.88082806295
"1862x4213",1861.68995154297,4212.85643968375
"1893x85",1892.51858280299,85.1015235418905
"1892x2110",1892.07242025444,2110.01905565478
"1877x3488",1876.77806896993,3488.13758828981
"1934x3072",1934.34931191907,3071.9183006536
"1966x4085",1965.74266733517,4085.15207445475
"2012x6546",2012.07053794086,6546.04845030281
"2074x3627",2073.54676939075,3626.94536087347
"2024x4665",2024.39874924974,4665.24110824992
"2014x5422",2014.41632712456,5421.78767300479
"2026x250",2026.38089584458,250.31568267674
"2048x1957",2048.13119856409,1956.535945466
"2102x3769",2102.40397665874,3768.7350551113
"2078x4462",2077.90391236307,4462.22480438185
"2048x6033",2048.0108,6032.63186666667
"2055x2430",2054.79840992071,2430.44511417893
"2110x4859",2109.50519833653,4858.52787108125
"2112x5112",2112.13785571023,5111.79468594237
"2200x3912",2199.8804315303,3911.99772266365
"2126x1539",2126.00635756684,1538.75773349656
"2168x4097",2167.75092478422,4097.47883968317
"2102x2610",2102.16407500379,2610.18862139259
"2201x6293",2200.73640634921,6292.55116190476
"2200x3089",2199.79259830378,3089.04854397723
"2262x1991",2262.26616602212,1990.65774799892
"2251x5609",2250.64641044559,5609.44653117804
"2244x63",2244.26863143631,62.5253688647998
"2290x1082",2290.01986123339,1081.53184085859
"2238x591",2237.64815147164,590.578427853554
"2293x3218",2293.42808306982,3217.7347448936
"2273x5812",2273.39833053392,5812.31187967629
"2302x5362",2302.34043353906,5361.50058708415
"2313x4873",2312.85385831808,4873.0504966152
"2338x216",2337.78748081187,216.40845983285
"2308x6005",2307.76024230436,6005.07669674867
"2287x3523",2286.71947363438,3523.03659945091
"2374x5157",2373.53130793613,5156.87617367382
"2303x4422",2303.36752458123,4422.32311857269
"2386x614",2385.99328456649,613.583723068314
"2423x1816",2422.50369061031,1816.14307913445
"2387x6145",2386.5444908575,6145.22694672131
"2412x395",2412.41573206668,394.883625808154
"2416x4152",2415.94800180661,4151.51785480135
"2414x6332",2414.16016873657,6332.05436776188
"2440x1302",2440.33539925848,1301.89200007378
"2401x4700",2401.47162169871,4700.10079288118
"2440x5876",2440.27818826967,5876.25568774786
"2474x5515",2474.12282859991,5514.83791121386
"2505x1637",2504.67712002332,1636.58561469138
"2515x4351",2514.68769168451,4351.45061049708
"2469x51",2468.89134004817,51.227939566455
"2493x2879",2492.57475897841,2878.67708744433
"2489x5722",2488.82999958758,5722.16876314596
"2479x2189",2478.98650676847,2188.72286417882
"2534x4947",2534.49448258045,4947.27083333333
"2520x171",2519.75366911274,171.236365910607
"2572x6217",2571.63093165299,6216.8076997485
"2608x2610",2607.7820381148,2610.27532808399
"2563x5249",2563.00883005784,5248.73472562013
"2581x5889",2580.80150776454,5888.69086312748
"2588x305",2588.36089410326,305.341849926325
"2568x1357",2568.2802225766,1356.80158110813
"2529x3823",2528.59345024558,3822.7029361499
"2602x3468",2602.21045609751,3467.80975962734
"2596x912",2596.27619885864,911.6635246018
"2602x6023",2602.0469620589,6023.14031131158
"2644x5583",2644.05971328592,5583.32245174399
"2655x96",2654.68594781515,95.9241328722624
"2653x4651",2653.11743688713,4650.80427185479
"2638x6405",2637.59598616735,6404.68761268584
"2646x516",2645.86850322967,516.092697950977
"2643x3611",2643.24929495687,3611.08265593895
"2664x2023",2663.8876827424,2023.29428667451
"2663x2832",2662.58892265393,2831.6569712756
"2632x3265",2631.57407480705,3264.50461112211
"2681x5790",2681.01241404943,5789.9891469987
"2668x1379",2668.18170934832,1379.03097022694
"2698x649",2698.37693041665,649.430858394883
"2707x2989",2707.11188304782,2989.24730136459
"2727x6053",2727.45340994254,6052.68964942959
"2738x872",2738.44715775102,871.545364279508
"2752x1540",2752.22042630799,1540.30710133364
"2783x3889",2783.04393538913,3888.71411160059
"2762x4456",2762.22613269636,4455.77518867685
"2777x3358",2776.72059196617,3357.50016913319
"2750x6307",2749.68313943271,6306.67129450634
"2766x345",2766.23711340206,344.542261735868
"2759x1323",2758.97144907285,1323.44544733562
"2736x4140",2736.21487699275,4139.82933262554
"2832x3222",2831.79242380884,3222.06063099156
"2862x2164",2861.71509719302,2164.05588137656
"2853x6116",2853.41853454939,6116.40620652342
"2853x1232",2853.19266464394,1231.78953239336
"2849x4752",2849.15395277379,4752.07553187936
"2869x672",2868.81149964047,671.643745505872
"2877x6303",2877.23344149647,6303.4515651842
"2885x955",2885.11705145938,955.165372202717
"2930x1382",2929.96076382634,1381.73208430913
"2917x1715",2917.44237738075,1715.25589920782
"2954x5417",2954.01767207812,5417.11459893368
"2925x2858",2924.86834100982,2857.73167057733
"2949x4135",2949.12375734901,4134.63591662213
"2959x5946",2959.25866780987,5945.9676598253
"3001x570",3001.412935619,569.970438812799
"2964x2382",2964.43737891133,2382.22017569468
"3029x6124",3029.06414055251,6123.56316781898
"3038x3690",3037.6232572099,3690.30626722327
"2981x4312",2980.72267308899,4312.25053125822
"3001x4589",3001.19117030411,4588.82536291208
"3047x2992",3046.58938368563,2991.97123123625
"3026x168",3025.77875822237,168.462671800631
"3035x2735",3034.71458859477,2734.61095002027
"3055x1255",3055.39938372532,1255.40969689347
"3045x5574",3044.51974810645,5573.56249455875
"3127x3550",3126.89510821415,3549.99993671687
"3109x991",3109.07488627288,991.214136889259
"3142x5223",3142.15608500905,5222.57407795673
"3170x4419",3169.66580729167,4419.23825520833
"3191x2032",3191.05581716934,2031.79693164406
"3193x3278",3192.58114825401,3277.76335901578
"3190x67",3189.6003330866,67.1450407105848
"3210x5543",3209.69294164944,5543.17597059499
"3178x6390",3178.40181323663,6389.70647728417
"3203x2480",3203.01829823295,2480.36200998085
"3217x1786",3217.20340141419,1785.59908524564
"3165x1605",3165.01863727871,1605.03281240271
"3254x647",3253.93094872358,647.203679321191
"3258x1076",3257.76724541177,1075.76760311477
"3289x4106",3289.36300527037,4106.45232290869
"3254x1284",3254.42975680323,1284.21205338865
"3287x2225",3286.57941748637,2225.39389538866
"3301x407",3300.5184005813,407.446828517695
"3263x2923",3263.10989441447,2923.25794562256
"3325x3157",3324.9590049054,3156.85156399312
"3354x3515",3353.90511004785,3514.84706220096
"3325x6045",3324.85563616071,6044.9896391369
"3364x1480",3363.74907395741,1480.02083910798
"3380x4748",3380.44286903276,4747.76145889067
"3366x4389",3365.65192633538,4389.47912557985
"3403x238",3402.8380650929,238.010534708967
"3371x860",3371.34355759123,860.038369124493
"3388x5201",3388.41728501937,5201.48509769973
"3403x1139",3402.68524075842,1139.15591324512
"3456x617",3456.34023558256,617.325551646946
"3455x4948",3455.32672699968,4947.75025687638
"3478x5885",3478.35050753326,5885.44876822335
"3455x3940",3455.14898083359,3939.57304533009
"3560x1126",3560.17517410897,1126.15919705039
"3513x3509",3512.67887629443,3508.64053316541
"3525x4249",3524.74605295118,4249.47194559145
"3539x2725",3538.76048087599,2724.7455683602
"3598x3920",3598.4360698664,3919.81979944654
"3515x4106",3514.82206023403,4105.69806253597
"3559x5192",3558.61469565879,5192.01123994621
"3595x2939",3595.47551520392,2939.44744199452
"3583x981",3583.26897302731,981.330708661417
"3582x5537",3581.82474159892,5537.06944782489
"3635x3143",3635.13773956654,3142.80681149408
"3628x3628",3627.54849064557,3627.67319477319
"3619x1701",3618.64749733759,1701.45034611289
"3602x2222",3602.08029307841,2221.71034662158
"3657x4163",3656.90213712407,4162.5874190117
"3665x1449",3665.17560565429,1448.79025953366
"3682x6157",3682.04697472556,6156.82194828404
"3643x112",3642.69087512971,111.569007263923
"3702x5289",3702.40146006716,5288.87078405607
"3697x3465",3696.70206166186,3465.08390775786
"3709x4779",3709.17608841903,4778.67065833734
"3723x4545",3723.16305475764,4545.24008542253
"3738x4020",3737.91548369227,4020.19323454054
"3746x2408",3745.61581496326,2407.90712675351
"3778x3306",3777.89219896835,3306.24446110846
"3806x4345",3806.14118503735,4344.73917851075
"3787x1828",3786.62689804772,1827.69322290147
"3831x2123",3830.91392143857,2122.69942516029
"3796x5486",3796.20648099633,5485.95195679336
"3804x3702",3804.44148730375,3701.6377649718
"3840x5169",3839.6882405136,5169.00435826505
"3836x6012",3836.24686787742,6012.06053743304
"3832x3041",3831.95716333795,3041.06671445521
"3867x1566",3867.25538778619,1565.79395731589
"3834x4986",3833.55056179775,4985.65133342358
"3869x1172",3868.64036168434,1172.43056716681
"3826x2771",3826.06822186624,2770.65694833801
"3896x3910",3895.50050665642,3910.2002166393
"3890x675",3890.21598109763,675.399119321233
"3911x4046",3911.4337572364,4046.26079529278
"3894x197",3894.12877587529,196.660592895477
"3925x2545",3924.73109695744,2544.93964367173
"3936x493",3935.69475204622,493.308870394571
"3959x939",3959.37952656937,938.500230430836
"4035x2905",4034.80477036979,2905.2790920279
"4016x3267",4016.31091071315,3266.94645019438
"3992x73",3992.47415723715,73.4138083451202
"4000x358",3999.5187369882,358.486265325006
"4004x2373",4004.16324300156,2372.83417372513
"4015x4988",4015.36616301986,4988.33260902522
"4048x3718",4048.28851980008,3718.43757016532
"4000x5637",3999.85379348291,5637.13963440729
"4024x1341",4024.48165183482,1341.26903976269
"4000x1947",3999.95171139573,1947.09695299533
"4056x2718",4056.08496005766,2717.52003123311
"4099x1151",4098.85394656582,1151.42720507503
"4095x4021",4095.12999869315,4020.85007187663
"4081x1490",4081.28413221743,1489.54146588892
"4091x4648",4090.78724670013,4648.33809258226
"4156x5281",4156.27342570997,5280.67968171217
"4107x5920",4107.21865524965,5919.67072966343
"4151x2300",4151.35158342524,2300.14056509637
"4144x1655",4144.26076989206,1654.96140987678
"4124x2032",4123.52170944062,2031.80865532351
"4148x4942",4148.44438086155,4941.76013352408
"4181x141",4181.42748888835,140.893983921502
"4237x4536",4236.82352126653,4536.03542498442
"4185x4791",4185.14818201377,4790.61085413081
"4244x1325",4244.13332161864,1324.90591424842
"4243x1800",4243.03995255845,1799.99857675364
"4225x1013",4225.21657384447,1013.20634985162
"4259x1532",4259.18513132004,1531.86979211224
"4260x2060",4259.89536142572,2059.8671302465
"4246x2764",4246.49901200342,2763.59875541923
"4223x3477",4222.82644263355,3477.21652506975
"4242x3944",4242.44401564008,3943.77651957548
"4272x4111",4271.57519015351,4110.75909279491
"4257x6184",4256.91290089854,6184.44548107824
"4305x2433",4304.90914070303,2433.45929052421
"4329x2615",4329.38479610085,2615.13741716049
"4356x5018",4356.34102773246,5018.40163132137
"4352x2301",4352.32319838737,2300.56850887508
"4335x3186",4335.46137572188,3186.13076791126
"4326x221",4326.3167052479,220.854697158556
"4372x952",4372.26019279005,951.568165051886
"4408x1718",4407.74519191755,1717.9229083827
"4384x2969",4384.45229081357,2968.62665791032
"4410x1265",4409.9535648374,1265.47237012367
"4412x3366",4412.19249783276,3366.2013073733
"4359x4303",4358.78515798481,4303.04215816896
"4411x2011",4411.10322782292,2010.50627947946
"4442x5438",4442.25618974751,5437.65594491201
"4453x1550",4452.59035973773,1549.64965443913
"4456x6137",4455.84839599862,6136.75259941852
"4434x5865",4433.67713423241,5864.68740634569
"4470x2600",4470.10989836933,2599.52521159439
"4440x6523",4440.21445138971,6523.07418327633
"4461x6335",4460.82375655759,6335.33314872079
"4533x267",4533.37290449715,266.919206136955
"4553x1880",4553.25405735491,1879.62942433708
"4568x2033",4568.22171149699,2033.22965611168
"4540x2178",4540.48897426878,2178.14264455207
"4550x591",4550.06126489138,590.81725648213
"4581x4791",4581.3474399164,4790.59349529781
"4600x5110",4599.92752423607,5109.82860706389
"4591x1113",4590.51504132888,1112.61725083453
"4569x2805",4569.47078999283,2805.49796000717
"4607x3591",4607.43979881191,3590.9069608594
"4645x3786",4645.27409448222,3786.14081338624
"4571x4499",4571.21450297141,4498.56642385862
"4602x5830",4602.10491333803,5830.1878566391
"4668x2568",4667.8319374437,2567.64854246124
"4605x4113",4604.77065400012,4112.75511812657
"4649x2340",4649.01133486766,2339.84192558496
"4660x6099",4659.59573208009,6099.21253629833
"4639x5451",4638.65739607416,5451.28301373589
"4696x1321",4696.20358028649,1321.46287266531
"4728x467",4727.54238223749,466.528275269872
"4740x5765",4740.44437637556,5765.24257481905
"4767x4775",4767.00164491139,4774.85997028547
"4758x5513",4758.17917361497,5513.24147674634
"4729x3461",4729.0869398352,3460.69308048312
"4749x77",4748.84570424784,77.0682848930054
"4843x4187",4842.74601441363,4187.24295697751
"4806x2217",4806.37665921935,2216.5155473781
"4826x623",4826.41690516547,623.296340548501
"4757x6474",4756.65596894822,6474.27821168229
"4851x5583",4851.48946784922,5582.66456485588
"4839x453",4839.42036881811,453.222883487008
"4834x802",4834.1089730955,802.415812555435
"4889x4414",4888.96928275227,4413.62197307121
"4879x2957",4879.12069843362,2956.79367456348
"4939x1376",4938.95641608529,1376.16114028899
"4878x5997",4878.15729016716,5997.47709979729
"4895x194",4894.52626819521,193.900498818588
"4876x3668",4876.38831598638,3667.95935056837
"4901x1679",4900.7607034009,1679.03637946882
"4922x5842",4921.51060278046,5842.15013432797
"4964x4957",4963.51288955768,4956.56805132064
"4924x3496",4924.16619328799,3495.71025487705
"4935x6168",4935.02407002188,6167.92118486101
"4956x376",4956.08701330504,376.218961717411
"4970x891",4969.63299449386,890.971701609487
"4983x1564",4982.94602153545,1564.46524961544
"4928x2030",4928.16467263873,2030.12962183611
"4958x2301",4958.46322149494,2300.64271982423
"4974x5673",4974.32798708998,5672.84060071137
"4988x1165",4987.71157096674,1165.09867568144
"5018x4663",5018.3264604811,4662.85637979979
"5041x3123",5041.03130463065,3122.51557100459
"5039x135",5038.93562962627,134.586440216157
"5025x1873",5024.65377509238,1872.74610506342
"5114x5332",5114.06543294718,5332.47344394267
"5052x3456",5051.79096310862,3455.6572906425
"5092x749",5091.97741115868,749.485294629494
"5087x2041",5086.53864566443,2041.39147556173
"5093x2447",5093.04116342545,2447.01349368816
"5140x4655",5139.93331489748,4654.67115711295
"5087x4141",5087.14564617779,4141.01021618873
"5124x6033",5123.73735632184,6033.2936091954
"5147x5131",5147.36559593314,5131.33467267521
"5135x2663",5134.50749762861,2662.96774909685
"5144x3400",5144.06629029321,3399.87470406119
"5154x934",5153.56583465399,933.524234020074
"5236x497",5235.78469352617,497.428417699724
"5178x1962",5177.98338999096,1961.70170833513
"5171x6326",5170.64335148104,6325.9398093832
"5212x1481",5211.67097572422,1481.46660124863
"5217x3635",5217.10141139571,3635.07662634966
"5188x185",5187.52883752549,184.791216859279
"5186x6539",5185.76225636436,6538.98031026253
"5263x3369",5263.38773199767,3369.33157226663
"5235x2914",5234.68531613117,2914.35024604061
"5268x1710",5267.92459453911,1709.87121740916
"5276x1912",5276.04177038224,1912.02212977802
"5224x3853",5224.37850671665,3853.17582005623
"5259x4019",5258.7367803258,4018.52933092845
"5318x252",5318.29060737956,251.981328519141
"5323x6014",5322.55779528842,6014.08472298577
"5301x3140",5301.17072864322,3140.33567839196
"5333x980",5333.36332738259,980.496051908816
"5327x4565",5327.28076234689,4564.80636500923
"5333x5168",5332.56165047368,5167.72706127493
"5310x1106",5309.82172237842,1106.21128813912
"5392x2208",5391.7544528467,2207.71191383872
"5358x4234",5357.98243782826,4234.18791523767
"5383x2974",5383.41279941637,2974.22388846107
"5411x2360",5410.74743030681,2359.99090873696
"5394x2522",5394.00931563119,2522.04833859019
"5387x5343",5386.98245028562,5342.80632496417
"5379x1247",5379.23322588032,1247.42879036094
"5457x2720",5457.27584444548,2720.00102216234
"5448x3084",5448.40235016084,3083.57657716799
"5449x91",5448.78837550678,90.9145113938208
"5426x1987",5425.79043028172,1987.36390216919
"5450x3822",5450.04342288799,3821.83531445206
"5459x3245",5458.76855817273,3244.65566262194
"5382x5676",5382.45096336724,5676.3686223435
"5502x836",5501.50523924025,835.586000750039
"5529x5741",5528.888104053,5740.68725643024
"5544x3587",5544.22991668181,3586.54875801386
"5561x5546",5560.87353223658,5545.62583263624
"5579x3979",5579.39750022602,3979.26263448151
"5572x1180",5571.61737393909,1179.9396904643
"5584x5972",5584.34457848226,5972.33195399074
"5590x1871",5590.39978023399,1871.40889405985
"5636x6494",5636.4302311425,6493.95504113258
"5606x113",5606.08210838515,113.164659052475
"5586x2061",5586.37005310947,2060.71349437496
"5568x4879",5567.66395390709,4878.56175729204
"5615x5345",5614.80368510947,5344.80459085969
"5613x1701",5613.197129602,1701.03659893106
"5649x5868",5648.75334883206,5868.20196317207
"5655x3238",5655.01312439379,3237.96047526673
"5681x575",5681.03671407315,574.68694418492
"5694x2130",5694.14460429231,2129.57016273037
"5699x3485",5699.24208350141,3484.72806575232
"5720x4929",5720.25948022467,4928.94738220657
"5702x2610",5702.04429460916,2610.0569087331
"5758x4447",5758.25951108486,4447.1861017877
"5745x194",5745.41540214501,193.523105026134
"5816x5967",5815.8444984693,5966.98779938772
"5798x3798",5798.10565058518,3798.48170311921
"5742x4044",5742.01133917037,4043.64472513277
"5801x2354",5801.19025840384,2353.53722518049
"5806x1995",5805.7220086951,1995.1374834604
"5783x4191",5782.81608253757,4191.29292644838
"5798x1832",5798.04120125104,1832.08543435246
"5819x1492",5819.13234446697,1492.1082275104
"5826x757",5826.4173072255,756.77469860021
"5849x1303",5848.80565650645,1302.63944900352
"5853x559",5853.28876092137,558.706314535346
"5884x2598",5884.34043842048,2597.83421042668
"5866x2897",5866.26274404135,2897.36320211645
"5814x4670",5814.18542657727,4670.02931665231
"5809x961",5809.05034561241,960.510600185451
"5909x2226",5908.58091145189,2226.4684021766
"5901x5338",5901.26306493108,5337.50074876166
"5896x168",5896.24398433128,168.164739165579
"5908x407",5908.06061010911,406.523669561345
"5865x5636",5865.137114266,5635.87725524993
"5888x6136",5888.25913000467,6136.01569069275
"5973x3340",5973.17841597852,3339.64750030509
"5911x3038",5911.21328098197,3038.27324362444
"5925x3713",5924.62020862134,3713.42572577605
"5948x1707",5948.38897262605,1706.9555112559
"5993x2471",5993.4566142718,2471.48743914314
"6019x4326",6019.38224606031,4326.33161536042
"5965x5125",5965.15462799064,5124.96101943318
"5984x6386",5984.05361305361,6386.34504662005
"6025x2721",6024.81349578257,2721.14200725317
"6013x559",6012.5263562753,559.13036437247
"6085x1775",6085.1559421957,1775.31724063556
"6040x3954",6040.3202630025,3953.57437640638
"6096x4794",6095.6664228237,4793.65224509702
"6088x794",6088.24321301697,793.547782991974
"6085x1967",6085.02263543377,1967.39771435787
"6156x2183",6156.27391891667,2183.02923469473
"6113x1179",6113.08870641738,1179.44742294088
"6092x6007",6092.21070152647,6006.89639493342
"6108x6133",6108.26282554126,6133.35095701286
"6146x6344",6145.68639250076,6343.54339280315
"6156x2828",6155.99946716398,2828.49424981129
"6130x1569",6130.15028359329,1568.58743431479
"6195x4581",6195.27925886898,4581.24172813488
"6198x5208",6198.46691885758,5207.93646680537
"6178x1382",6178.16909779836,1381.71138463062
"6187x5808",6186.99606189447,5807.59479333659
"6235x1853",6234.62928827445,1852.57647209421
"6232x5974",6232.08894531398,5973.55955584189
"6210x631",6210.13828471292,630.992526543655
"6288x853",6287.86603478956,852.796128844827
"6307x4064",6306.5997496697,4064.32635653524
"6271x420",6270.71759575722,419.855674720094
"6303x2808",6303.08017743277,2807.80185749931
"6280x4778",6279.65644424886,4778.35073436383
"6224x3399",6223.9947329822,3399.07607173812
"6335x1600",6335.28294534515,1600.15288013083
"6340x1974",6340.38513082323,1973.64050961801
"6346x5909",6345.5186303405,5908.80389619725
"6336x2494",6335.69482112436,2494.49206132879
"6410x1164",6410.14015254172,1164.12294320338
"6397x4394",6396.6724713666,4394.32685766002
"6473x5276",6472.58074579373,5276.29621695818
"6445x943",6445.14449813613,943.124948225873
"6480x2053",6479.56394059947,2053.31674208145
"6482x3285",6481.90813175502,3285.00088637273
"6539x904",6538.58577910516,903.700821319855
"6507x4885",6507.31233387309,4884.85448046195
"6554x3722",6554.21451212105,3721.50832182892
"6551x4199",6551.07741191233,4199.17530509401
"6536x602",6536.30408590885,602.318644141784
"6602x4466",6601.52660488437,4466.23945804344
"6587x1330",6587.00866343232,1329.97233033001
"6636x5138",6635.69759105248,5138.2302122168
"6661x3360",6660.9342890234,3359.77286335526
"6659x1919",6658.74445131202,1918.66272405462
"6680x472",6679.53555763824,472.068228678538
"6703x935",6702.99733978235,935.455208153394
"6639x4640",6638.70610584659,4640.10394689791
"6671x2502",6670.86942001364,2501.50224685702
"6748x1303",6748.48845048954,1303.15691504954
"6740x6295",6740.21235534094,6295.26084422613
"6731x1709",6730.61699378995,1709.15982956348
"6744x2301",6744.44908620974,2301.07515627005
"6776x3036",6776.30011660239,3036.01491912578
"6725x5468",6724.78053219222,5467.88441296542
"6792x1208",6792.406956642,1208.34295691861
"6778x1483",6778.19949629387,1482.94457184979
"6777x4498",6776.84806947036,4498.40096167648
"6812x5727",6812.18445912165,5727.19403731284
"6775x593",6774.83034726065,593.345012451577
"6851x1827",6850.96752679635,1826.65316924706
"6812x2844",6812.1372900336,2844.48174692049
"6801x3193",6800.63220669587,3193.27522143702
"6787x4074",6786.57843393913,4073.61928710197
"6843x5427",6843.07931510242,5426.64138394594
"6807x2682",6806.83127000032,2681.92678669554
"6800x6478",6799.74577508486,6477.59205387451
"6867x600",6867.34957669825,599.737905664181
"6857x3481",6856.94541484716,3480.84545281944
"6934x5074",6934.19606736288,5073.74304575532
"6860x818",6860.46042685108,817.890163348039
"6887x3674",6887.03874801001,3673.96301455538
"6893x2064",6893.26174592162,2063.73300599527
"6908x4381",6907.52230735602,4380.7859690297
"6966x2781",6966.08658766496,2781.3168866146
"6954x1072",6953.9014902819,1071.89260590902
"6973x3309",6972.94546693933,3309.24659168371
"6990x461",6990.43846196588,460.672778796466
"6986x5247",6986.06196547084,5246.56683467512
"6998x634",6997.60652437761,634.017998283059
"6974x2444",6974.34503718805,2443.56897723411
"7020x3603",7019.70862106172,3602.95481765214
"7030x3989",7030.00232169292,3988.67548483977
"6991x2247",6991.25046471188,2247.13539605445
"7024x891",7024.13012508687,891.116956219597
"6981x4674",6981.02074756673,4674.33302434636
"6999x6251",6999.39770226762,6250.73814652676
"7045x197",7045.05166013823,196.87110600685
"7044x3049",7043.95861471861,3049.36957575758
"7122x416",7122.45080747596,415.629758664489
"7085x2673",7085.37904315922,2672.79929033504
"7110x4547",7109.98661573058,4547.26391936926
"7139x5833",7138.96993963068,5832.86184303977
"7161x1005",7160.9283553142,1004.99437548487
"7204x774",7204.39443226745,774.036380768994
"7215x2682",7214.58959835221,2681.8987420921
"7183x5535",7183.46142679386,5535.05982994608
"7168x6500",7168.4913332142,6500.34973676614
"7223x267",7222.89187399819,267.384660951983
"7213x2350",7213.48452797203,2349.75146416084
"7217x2102",7217.45637314033,2102.25294196488
"7215x3064",7215.27418633858,3063.63749760531
"7226x4662",7226.28596093666,4661.54505233625
"7255x5179",7254.6467199051,5179.33017009468
"7284x85",7283.56316038805,84.9025972688513
"7262x476",7262.4521236109,476.287166996499
"7252x1100",7252.43571924948,1100.12157362366
"7302x1709",7302.38018058691,1709.16063205418
"7269x1825",7269.34220263724,1825.32376883746
"7296x2824",7295.84697850822,2824.26963337547
"7406x3123",7405.77912558381,3123.31881162429
"7328x5458",7327.96912262261,5457.86220149131
"7343x909",7343.14940014356,908.862289366647
"7449x1158",7448.96862385321,1158.23866555463
"7351x2080",7350.54667485524,2079.64449903492
"7334x3828",7334.18260890575,3827.57254342941
"7356x473",7355.57979764334,473.177915643086
"7377x2288",7377.18462175594,2287.67355052457
"7402x3502",7401.94565997888,3501.67167898627
"7362x4893",7362.33144200978,4892.6615401844
"7361x5991",7360.83310060509,5990.80700179533
"7458x4167",7457.96212628291,4166.72434181169
"7412x5866",7412.49406292543,5866.43737709877
"7463x426",7463.12319773834,426.354798178106
"7396x5638",7395.82640670429,5637.54007753264
"7466x4826",7466.17842588501,4826.0191977218
"7460x4513",7460.25982714283,4512.89054312728
"7480x5284",7479.93018983466,5284.24565700841
"7477x5743",7477.4733782602,5742.6547147487
"7517x177",7517.40380297502,176.602876789223
"7495x2052",7494.94585855548,2051.83400383502
"7520x3705",7519.60291208356,3704.5092189602
"7517x5480",7517.37084202437,5479.61023895781
"7528x684",7528.12567199609,684.087132583956
"7579x2306",7578.75330299356,2306.3381729997
"7543x2643",7542.62931034483,2642.91507576661
"7537x6370",7537.38321338131,6370.38298014128
"7587x4652",7587.01248531541,4652.12744856979
"7600x4893",7600.34926804358,4892.55013050386
"7614x2795",7613.66445530726,2795.21467115287
"7636x6540",7635.88723667906,6539.99159851301
"7642x1460",7641.73344595189,1460.27068926076
"7643x2006",7643.35406070158,2005.56692217685
"7617x5072",7617.19095247434,5071.72756095967
"7624x5464",7624.25260718424,5463.74367516416
"7628x5239",7628.01866745682,5238.64061970877
"7654x5954",7654.02863688431,5954.05695558101
"7686x1701",7685.9004709152,1701.05577643108
"7672x6089",7671.61268201317,6089.07670231406
"7689x704",7688.66490261571,704.495640480632
"7690x861",7689.92357833884,860.501150306749
"7669x4314",7668.7057985468,4313.62544522012
"7707x6381",7706.72869780148,6380.88418758944
"7715x3244",7715.3555038459,3243.83582186025
"7738x4064",7737.91406639634,4064.01175271592
"7777x4212",7777.04320272988,4211.8104320273
"7708x1020",7708.25747821982,1019.93523883095
"7765x2177",7764.89995350794,2177.33660253714
"7776x4573",7776.35256696983,4572.65883902391
"7851x5945",7851.32822936468,5945.20184510211
"7789x301",7789.40267124279,301.030599375607
"7799x3095",7798.55238450538,3095.18510228191
"7825x2724",7825.11142826484,2723.868204743
"7844x1741",7844.24082232012,1741.48515255343
"7850x2552",7849.59319913149,2551.72406432856
"7828x3416",7827.89375253676,3415.82690686565
"7824x4404",7823.71855230738,4404.14323766398
"7811x1291",7810.69343863309,1291.3438136393
"7820x602",7820.13851512095,601.758179015283
"7896x3161",7895.84291084855,3160.88978824613
"7868x58",7868.05378197998,57.7968854282536
"7895x1893",7895.316910527,1892.95200483405
"7870x4890",7869.9805671983,4890.39829078439
"7863x2365",7863.03160985457,2364.90046795431
"7931x855",7930.69406060606,854.827054545455
"7863x5172",7863.27224739272,5172.37737220038
"7924x2051",7923.77265779161,2051.07965315027
"7926x3354",7925.8688611519,3353.52573829336
"7947x435",7947.48970381888,434.735541734613
"7919x2987",7919.29904040404,2986.55257575758
"7988x1375",7988.22851096402,1375.36651807826
"7987x2209",7987.07386532186,2209.17502224859
"7983x4615",7982.99524534551,4614.6530972033
"7972x6479",7972.33314049013,6479.4496794946
"7986x123",7986.38924087993,123.12872378104
"8008x5135",8008.37403765103,5134.94987355999
"8008x704",8007.72833635918,703.728365176796
"8045x2994",8045.01494396015,2994.26350404732
"8037x997",8036.87947525218,997.051690796007
"8000x5024",7999.95156157926,5024.10449813396
"8030x6140",8030.07695753895,6139.83493454129
"8046x2594",8045.82047603521,2594.26957939354
"8046x2762",8046.15131504896,2762.4369114171
"8030x3609",8029.76108796864,3608.9401453892
"8032x5781",8032.43920895974,5780.72068072512
"8068x2368",8067.95392491468,2367.86984772906
"8069x4486",8069.34642403724,4485.58366483284
"8070x1192",8070.4794891874,1192.3716342389
"8124x1052",8123.83068315666,1051.58235178642
"8037x3847",8036.59894067797,3846.69770687936
"8095x4340",8094.67758721172,4339.62509366414
"8144x806",8143.93027829092,805.991746618199
"8149x5456",8148.73664751214,5455.61757762038
"8152x5643",8151.58675965442,5643.1587384199
"8205x2801",8204.70022682374,2800.82413843565
"8164x1403",8163.86249471714,1402.82744671859
"8196x2940",8195.60025262598,2939.59852413243
"8216x4622",8216.36717295038,4622.33789264578
"8201x4795",8200.72110306022,4795.14080208084
"8200x5842",8199.88207472805,5841.75944610857
"8203x2228",8202.83334661672,2227.74356419861
"8198x6433",8198.07534681103,6433.19878193199
"8206x87",8205.80074958598,86.6992649408757
"8225x3448",8224.92383431617,3447.68051497282
"8173x250",8173.44924793055,249.965601655562
"8233x2637",8233.26461175678,2637.02372129583
"8228x5081",8228.4043924719,5080.50659194713
"8248x5370",8247.98022419628,5369.50881274676
"8240x4000",8239.79594495821,3999.8973845616
"8184x1534",8184.2962771035,1533.82258284467
"8240x1045",8240.44327176781,1044.53197009675
"8249x1258",8248.90588315356,1257.85059035694
"8255x2388",8254.69820117474,2387.66457415565
"8292x4920",8292.47079352769,4920.33542496563
"8290x4147",8290.18381824282,4147.11024301395
"8305x5229",8304.69118746975,5229.44946984029
"8342x4406",8341.91824859049,4405.68005482853
"8330x5908",8329.65733336442,5907.92935910288
"8342x976",8342.14669093899,976.057137823713
"8356x2203",8356.40719399337,2202.7454164484
"8395x1095",8394.79547359598,1095.33983954017
"8396x1327",8395.61031492879,1326.82285816973
"8368x613",8368.02034268918,613.201598738216
"8379x6204",8379.11634960691,6204.31405901194
"8344x3255",8344.37850799758,3255.10590529395
"8404x2037",8404.20192610852,2036.70494998424
"8440x1834",8440.49100923376,1833.98872509315
"8433x2626",8433.1722311492,2626.32151996667
"8435x1542",8434.78745906717,1541.88326400566
"8456x1423",8456.04952249255,1423.24229722138
"8461x4962",8461.39731490097,4961.82052815809
"8450x5305",8450.10762030481,5304.7849273971
"8459x1205",8458.6165547025,1205.08138195777
"8466x953",8465.90683283946,953.156135610947
"8484x4249",8483.8456580884,4248.51097185674
"8497x3069",8497.17710972894,3069.02756661292
"8457x2803",8457.07254231456,2802.8242467256
"8489x4730",8489.34229962118,4730.3316163846
"8490x2449",8490.45042624473,2449.41745447308
"8463x5668",8462.68560112431,5667.53987479239
"8538x1676",8537.6813502328,1675.77547853078
"8502x5868",8502.33947431113,5868.23317186797
"8542x6176",8541.67348079891,6176.06734360672
"8541x475",8540.70067789706,474.505222425882
"8560x2290",8560.16253315929,2289.68962903701
"8544x4022",8543.5654407011,4021.5534085195
"8560x1015",8559.94275049687,1014.72766493771
"8550x738",8549.81689893283,738.472341494036
"8530x114",8529.74281835293,113.647875590114
"8596x2091",8596.45399005937,2090.95064199917
"8603x1912",8602.58233809487,1911.65230400958
"8611x5602",8611.20024735172,5602.11289455288
"8615x2777",8614.77113402062,2777.11192930781
"8644x1427",8644.00900113607,1426.56756678027
"8631x5146",8631.07574019895,5145.82457577531
"8672x5332",8671.78143069186,5331.97656128846
"8661x934",8661.3349706861,934.155442877515
"8684x774",8683.83949356749,774.369171601661
"8683x2953",8683.45845059991,2952.83928306918
"8738x3824",8737.99280854362,3823.56659633107
"8757x5850",8756.68586836951,5850.03885058088
"8760x538",8760.49263519767,538.025942086474
"8752x5607",8752.01212089819,5606.99067623216
"8800x1526",8800.00447206852,1526.32380808004
"8755x1823",8754.75630514911,1823.41371607282
"8784x6231",8783.75999901122,6230.70279823998
"8791x924",8790.63193327376,923.844086982425
"8830x1310",8829.80045973933,1310.30990001785
"8832x5076",8831.66436691712,5076.19379346946
"8843x2059",8843.3451236168,2059.4752069571
"8893x3594",8892.96697674419,3593.65888372093
"8827x4151",8827.12040042053,4151.14142706952
"8848x314",8847.52739230516,313.698191384413
"8839x748",8839.18701273389,747.648161382536
"8899x3463",8898.89618177559,3463.11749824315
"8885x3134",8884.84809474768,3134.44474124614
"8888x5683",8888.14547593373,5682.57736169657
"8946x88",8946.44483453612,88.2587824805496
"8930x4519",8929.57105755246,4519.13852067318
"8907x3931",8906.66031702437,3930.53246753247
"8927x6239",8927.34091812965,6239.31063575933
"8932x1655",8932.47362246295,1655.13192679207
"8936x4086",8935.99058540738,4086.47869197256
"8962x806",8961.95715736666,805.979994460004
"8920x3280",8919.82411336162,3279.74781842927
"8939x2833",8939.04127079877,2833.00718845825
"8922x5355",8922.39963571759,5354.90749615563
"9013x2062",9013.20874340322,2061.77906147483
"9033x4195",9032.5826977555,4194.5401176727
"9064x3040",9063.62092645466,3040.37555380526
"9070x1384",9070.48735193503,1383.55183728561
"9064x1843",9063.90112501392,1843.44224557235
"9139x5356",9138.80726672172,5356.16458652825
"9089x6157",9088.84204815542,6157.00462436706
"9085x6395",9084.62646264627,6394.60698005284
"9120x378",9119.95519672504,377.693668978849
"9132x868",9132.46042351974,867.565974506579
"9121x1202",9120.94260430468,1202.26433017524
"9155x5902",9155.32981686218,5901.67689256477
"9128x3538",9127.69835708168,3537.51633834255
"9143x3884",9143.03059747777,3884.32499483151
"9166x4979",9166.23543630159,4979.31022505687
"9153x4117",9152.60072803263,4117.1455391149
"9157x4348",9157.17123120863,4347.98408129829
"9186x6519",9186.21420603492,6519.06305426962
"9244x796",9244.34499722288,796.422862281467
"9226x3671",9226.28184034125,3670.67524157744
"9227x5628",9226.59411900903,5628.29983792545
"9249x4027",9248.76033096053,4027.40528797264
"9226x576",9226.133483104,576.26337795251
"9250x4533",9249.6261112909,4533.1746083116
"9267x3812",9266.50472415291,3812.36642050391
"9310x1451",9309.80989322925,1450.69247766201
"9350x1162",9350.12280407831,1161.73665693361
"9306x3470",9306.14902745995,3470.08282481566
"9311x5858",9311.23572337981,5857.52684532497
"9344x2557",9343.65468075927,2556.99566436583
"9311x2210",9310.97995574366,2210.20396588395
"9375x6273",9375.08354164987,6273.33799693573
"9353x2832",9352.54416199215,2832.07143088745
"9397x6117",9397.21343377276,6117.1410980733
"9400x75",9399.98585804454,75.4119923782303
"9383x803",9383.13584113855,803.122552000973
"9389x3044",9388.60318005033,3044.3091969801
"9388x3977",9388.35402567095,3977.14838584208
"9408x4955",9408.15857428623,4954.82527732315
"9409x1853",9408.71897301288,1853.00401935854
"9395x5560",9394.76805046458,5559.89066007445
"9407x5715",9406.76629183637,5714.75495838498
"9402x3356",9402.33683289589,3355.722421061
"9425x4830",9424.77271679498,4829.94725923194
"9451x2049",9450.89217363124,2048.63233890859
"9455x641",9454.86661797902,640.501427433276
"9485x3484",9484.59412890874,3484.09763880026
"9478x1639",9478.08389789171,1639.25088071107
"9504x2487",9504.2068496784,2486.7951064253
"9469x3768",9468.78508629111,3768.3176308839
"9581x2272",9580.66219162364,2271.80908122285
"9547x3261",9546.66957944447,3260.66589818912
"9531x4023",9531.08518800746,4022.60758861707
"9511x6157",9510.8310602254,6157.47695786376
"9514x4702",9513.50012865377,4702.1469740634
"9531x153",9531.0812350024,153.214781634938
"9557x5066",9556.5821053161,5065.67902228034
"9556x1049",9556.13788540165,1048.828932035
"9551x3131",9551.33129930698,3131.04973194438
"9520x3623",9520.12769538569,3623.08904696878
"9562x5979",9562.12452360012,5979.18356053943
"9595x1502",9594.90800091273,1502.35693986351
"9479x336",9478.53291927115,336.275311541984
"9640x3805",9640.24390810607,3804.71807382882
"9624x5589",9624.29331154907,5588.60626978454
"9600x2877",9600.24919245904,2876.9028895284
"9629x595",9628.74533549812,595.349072422879
"9553x4213",9553.00780419665,4212.90765540069
"9632x1310",9632.10295054924,1309.6020320174
"9596x2709",9595.92273225327,2709.18439383267
"9653x4857",9653.12704202398,4856.60505995111
"9656x1728",9656.17046501382,1728.163796211
"9711x4170",9711.28990323938,4169.90452250736
"9743x808",9743.30245013908,808.44457596023
"9727x2531",9726.627401533,2531.07215383084
"9672x3399",9671.77634181365,3399.38697878566
"9714x335",9714.27924823806,334.891777603759
"9751x5867",9751.29084976319,5867.30297940302
"9738x3642",9738.1136616657,3641.6385781689
"9766x5379",9765.7909357229,5379.14740651387
"9774x6516",9773.74072934824,6515.91664103353
"9764x4534",9763.74789090909,4533.94869090909
"9838x602",9838.22099580662,602.453800549477
"9784x2084",9784.09464737286,2084.36567856139
"9827x6131",9826.86915007717,6130.77552515238
"9849x1012",9849.28690003609,1011.99030133526
"9854x3139",9853.52344616019,3139.49459926272
"9916x1155",9916.33876291619,1155.25337256028
"9834x1854",9834.23218751325,1854.03844360615
"9868x3629",9868.10682771873,3629.06266912428
"9868x1694",9867.9684605157,1694.03803483075
"9894x4564",9893.62426414128,4563.96720985126
"9929x1933",9929.20513598834,1932.82036182613
"9888x1469",9887.72811930981,1468.77646752796
"9942x5457",9941.68952869058,5457.19932670083
"9973x3029",9972.90403659342,3029.19742054136
"9936x4060",9935.53121763894,4059.8174188816
"9969x6336",9969.30642183356,6335.79757628655
"9980x3803",9980.38303127506,3803.05603849238
"9927x4814",9927.47041782275,4814.37091969969
"9954x6488",9954.20406874982,6487.69447074689
"9934x2421",9934.20463569052,2420.95992059234
"9969x3404",9969.13689201591,3404.12719049076
"9964x5705",9963.98282312525,5704.70728723029
"9986x919",9986.1818303452,919.274551779502
"10005x4645",10005.4013836182,4645.06998690264
"10031x4359",10030.6829386177,4358.70044573331
"10076x5061",10075.9540901502,5060.53870648612
"10048x5349",10048.2127091241,5348.94123435962
"10033x3594",10033.1969108911,3593.65873267327
"10044x4203",10044.4958839772,4202.97741993755
"10090x1435",10089.9984219686,1435.05207503761
"10074x1786",10074.4123448861,1785.50526412368
"10143x524",10142.8134979003,523.848479034768
"10097x2534",10097.4729148115,2534.18777827248
"10104x5928",10104.4615801844,5927.60212137648
"10108x1043",10108.2929512827,1042.68604377501
"10160x2029",10159.8458812886,2028.68399758758
"10116x6518",10116.0669695593,6518.13784643344
"10131x2844",10131.2687573563,2844.38869272049
"10126x3846",10125.7178367135,3846.16436124112
"10125x47",10125.140303597,47.1416785832142
"10154x3662",10154.4193609307,3662.49342801027
"10166x4672",10166.2439155333,4671.99930974537
"10184x5288",10184.0721610557,5288.42354624588
"10129x2251",10128.7867808928,2250.67299684375
"10204x6159",10204.4979111697,6158.87192172383
"10212x3269",10211.6184834123,3268.73826224329
"10248x932",10248.356437166,932.184061815246
"10247x1253",10246.9807455573,1252.93706006755
"10246x4434",10245.5190234187,4433.98408419751
"10269x5877",10269.4930929973,5876.55945126814
"10264x6034",10264.0247203864,6033.83817361464
"10277x3730",10277.2962566081,3729.86062294614
"10281x1636",10280.7568441801,1636.19566352747
"10286x1839",10285.6915283316,1838.50586571455
"10291x1064",10290.9625914765,1064.38854928971
"10298x3417",10297.9425067274,3417.28782860691
"10321x6284",10320.6068552604,6284.38156243464
"10276x3949",10275.987293956,3948.55571771978
"10362x2593",10361.880672519,2592.73140571013
"10376x3539",10376.3409777778,3538.79182222222
"10345x3042",10344.9336378448,3042.0433201443
"10379x3192",10378.6709936695,3191.83213599829
"10410x3931",10410.3739212118,3930.97813068749
"10396x1141",10395.988598514,1140.53744982492
"10396x5211",10395.9348778476,5211.35473147098
"10440x5663",10439.9524744814,5662.61830788918
"10411x6452",10411.3891185522,6451.65274906986
"10436x2267",10435.7548610525,2266.89455190472
"10491x4812",10490.8771914407,4811.93211476778
"10459x4161",10459.4698977196,4161.32066227058
"10436x1444",10436.1204964968,1443.98123910801
"10425x5540",10425.1350405788,5539.71268772164
"10484x4361",10483.5130366492,4360.58285340314
"10460x5395",10460.2926178792,5394.54860962947
"10477x1285",10476.8780480296,1284.59396551724
"10476x5808",10475.9376289735,5807.67699227898
"10495x3253",10495.1109986304,3253.09920800333
"10517x4529",10517.1255411255,4528.59384256095
"10519x5045",10519.3903273277,5044.75995306845
"10567x5931",10567.3781166416,5931.11129215728
"10502x6202",10501.9651221878,6201.91915738901
"10576x3965",10576.1050903989,3965.21378087196
"10594x804",10593.5674934684,803.900912814889
"10615x5276",10614.5483195748,5276.05898539476
"10595x1975",10595.3924281883,1975.155595289
"10580x6061",10580.1969599418,6061.46608627495
"10602x6484",10602.4620560748,6484.00137071651
"10625x312",10625.3003163034,312.069552361961
"10651x2799",10651.1759085898,2799.07004497017
"10640x3792",10639.5667991775,3791.88948594928
"10702x589",10702.0622215731,588.913191655104
"10634x1123",10633.6288513772,1122.82193264568
"10691x2056",10691.246162822,2055.71200969392
"10665x3302",10665.4025183546,3302.27769380263
"10757x348",10757.048551005,348.227399547889
"10686x4539",10686.1453496633,4538.71907590009
"10751x4080",10750.6385886686,4080.28883342219
"10732x5553",10731.5306495883,5552.76859234087
"10716x2579",10716.4451101291,2579.31573247629
"10769x3616",10769.4278509698,3615.94248072693
"10858x3889",10858.1659962996,3889.1827085512
"10844x905",10843.8517615404,905.126839317245
"10835x1857",10835.1010582438,1856.76242022781
"10867x4476",10866.6950996605,4475.90462181217
"10827x4755",10826.639597074,4754.64506535556
"10857x6468",10856.5136529025,6467.57799512635
"10876x702",10876.1657191081,702.071333392556
"10848x3002",10848.4403091518,3002.09447042824
"10893x5045",10892.7275570346,5044.81484302955
"10836x6211",10835.5494824618,6211.01230060777
"10894x3499",10894.1014567527,3499.03590288316
"10953x2973",10952.8648765299,2972.64706970435
"10947x5183",10946.7110831414,5183.01327507184
"10955x1236",10955.234539779,1236.43905902866
"10961x1686",10960.5810823326,1685.73299786991
"10953x2055",10952.6061399753,2055.10323116831
"10975x6059",10975.4245557453,6058.95323468033
"11030x5319",11029.7808473107,5319.11896433163
"10997x3224",10996.8359637586,3223.93844074236
"10958x2630",10958.1191547726,2629.99608532282
"10999x3371",10999.3210557416,3371.21902698444
"11020x2247",11020.4892343268,2247.06081706064
"11047x3519",11047.2388837613,3519.11987621478
"11056x3658",11055.5907316027,3658.17631409569
"11084x4243",11084.2355867788,4242.60221121732
"11096x5481",11096.3733684662,5481.35284024756
"11100x327",11100.2571418482,327.169603446449
"11119x1758",11119.1811797267,1758.42909531223
"11115x2604",11115.0327772447,2603.81680027237
"11117x4672",11117.2343895065,4672.07203561311
"11115x4522",11115.041919022,4522.01906684612
"11128x104",11127.8811209267,104.420259755455
"11018x5766",11017.5811506541,5765.71367280912
"11171x1314",11171.1858475309,1313.84234081763
"11153x4389",11153.3897819592,4388.50734622318
"11237x1137",11236.64521395,1137.32245857037
"11128x3057",11128.360228456,3057.09349657631
"11187x6006",11187.4963905775,6006.29364551672
"11204x777",11203.6283678009,776.910439153003
"11179x1640",11179.1231875374,1640.10936688636
"11223x3705",11222.8277346747,3705.02702702703
"11166x528",11165.6668631871,528.491590081498
"11221x1910",11221.3760507937,1910.24744126984
"11193x5034",11192.5352878904,5034.0069105452
"11233x1509",11232.5709386548,1509.26376940133
"11236x3533",11236.1619468177,3532.79939041951
"11259x193",11259.1276595745,192.767733860874
"11273x6399",11272.9119806223,6399.11712316005
"11273x2852",11272.7257185517,2852.46353116835
"11287x486",11287.266726791,486.377938109464
"11246x5192",11245.8622487356,5192.00643236934
"11278x2693",11277.5657237937,2693.17992534964
"11310x3817",11310.4136242083,3817.49292047854
"11317x5865",11317.3598279707,5864.96928048059
"11289x2092",11289.10681682,2092.31877621515
"11295x6264",11294.6962720927,6264.01688202386
"11289x3246",11289.4413093705,3246.13688687154
"11376x5339",11376.0161466553,5338.59760835256
"11426x4585",11425.6735973375,4585.43048038458
"11436x4902",11435.6704490454,4902.25090974276
"11479x4356",11478.8167689989,4355.52731484605
"11438x4170",11437.7236270828,4169.51956700305
"11415x3586",11415.1870186041,3586.41210451475
"11545x2313",11545.3015959048,2312.96347485697
"11435x5970",11435.1898056273,5969.54193285307
"11480x2795",11479.6581447464,2795.32812549317
"11471x1833",11471.2326227989,1833.21283595922
"11521x2450",11520.5438198554,2449.75654174885
"11464x1964",11463.6966990631,1963.94435688644
"11519x1375",11519.0893113057,1375.33757961783
"11473x3867",11473.3441593397,3867.19773909923
"11525x6546",11525.2661230905,6545.95034137237
"11561x1613",11560.954347259,1613.47176983565
"11548x5310",11548.0233074935,5309.89658914729
"11577x2621",11576.9224449556,2620.94972067039
"11552x3997",11551.535652988,3997.4311515057
"11639x3593",11638.6099363136,3593.00754343659
"11577x4098",11577.1770897833,4098.22254901961
"11624x6173",11623.8887663358,6173.29327517631
"11665x4650",11664.7959433962,4649.63116981132
"11703x1056",11702.9848649788,1056.47125750606
"11724x3167",11723.5711339177,3166.6010745355
"11715x441",11715.4462921197,441.229171575723
"11814x4253",11813.9060488074,4253.32957262861
"11855x5179",11855.2009576965,5179.13747066658
"11825x2335",11824.6774653862,2335.02745960122
"11837x1715",11836.9297770004,1715.22629354322
"11829x1497",11829.3698513328,1497.49112075038
"11888x4548",11887.9503305702,4547.99405980468
"11855x3025",11854.7435315087,3024.58480910764
"11860x5467",11859.5325669163,5466.96908784765
"11903x4682",11902.6591081697,4681.68213626994
"11972x6125",11972.3186528497,6125.21787280077
"11957x5748",11956.6543361645,5747.96261734466
"11964x2086",11964.1203107589,2085.61532747307
"11980x1106",11979.9435936948,1106.20385887187
"11964x3998",11964.073880597,3997.50483870968
"11988x2555",11988.3506573347,2555.31920930672
"12008x5119",12007.7443579767,5119.47795071336
"12034x1300",12034.3148584906,1300.26525648585
"12008x5628",12007.7294384871,5627.51193809096
"12028x6403",12027.6851813643,6402.61874303636
"12048x3810",12048.3143994847,3809.71051706974
"12052x2289",12052.0906124609,2289.21019445302
"12088x4372",12087.5911458333,4371.93904931435
"12111x1018",12111.0102313167,1018.37191789527
"12146x4182",12145.9847852761,4182.11259713701
"12202x5767",12202.0478858606,5766.91868123713
"12148x6557",12148.4523959647,6556.69022698613
"12179x6408",12179.0650204186,6408.41666666667
"12203x2263",12202.993006993,2263.09218781219
"12139x4587",12138.610163191,4586.79684770083
"12214x5199",12214.4845575368,5199.40717968122
"12285x3492",12284.5316233052,3491.95591791865
"12274x5332",12273.8030857741,5332.3980125523
"12271x5994",12271.3768260529,5993.73538563861
