"","z"
"44x5377","1"
"68x4194","1"
"84x5959","1"
"80x5764","1"
"114x1974","1"
"168x531","1"
"185x4559","1"
"177x3654","1"
"241x2001","1"
"270x3116","1"
"309x5302","1"
"275x628","1"
"294x5628","1"
"349x1994","1"
"377x4455","1"
"410x1893","1"
"387x3267","1"
"476x669","1"
"446x1536","1"
"485x1779","1"
"501x2036","1"
"527x937","1"
"450x4160","1"
"548x4572","1"
"544x2540","1"
"591x3577","1"
"603x6364","1"
"651x4418","1"
"663x2654","1"
"665x5629","1"
"852x3642","1"
"1085x4223","1"
"1110x6096","1"
"1139x5599","1"
"1120x5436","1"
"1184x4281","1"
"1126x4550","1"
"1151x6524","1"
"1177x1565","1"
"1187x4426","1"
"1180x5746","1"
"1180x5077","1"
"1205x5367","1"
"1184x3703","1"
"1187x3879","1"
"1229x3321","1"
"1212x1071","1"
"1214x1248","1"
"1224x2691","1"
"1215x2845","1"
"1221x2460","1"
"1252x828","1"
"1261x3491","1"
"1299x2992","1"
"1244x1819","1"
"1271x2371","1"
"1339x4144","1"
"1324x1018","1"
"1361x2480","1"
"1348x1921","1"
"1644x997","1"
"1778x1015","1"
"1807x1991","1"
"1787x4503","1"
"1878x6520","1"
"1989x1653","1"
"1963x1937","1"
"2114x1968","1"
"2100x5513","1"
"2169x1422","1"
"2201x2033","1"
"2196x3567","1"
"2316x578","1"
"2336x4662","1"
"2359x1998","1"
"2440x5942","2"
"2494x1911","1"
"2512x6574","2"
"2533x2102","1"
"2613x5940","2"
"2576x2620","2"
"2591x6509","2"
"2600x752","1"
"2635x3853","2"
"2610x5600","2"
"2690x5500","2"
"2697x2166","1"
"2770x3565","2"
"2748x217","1"
"2875x491","1"
"2753x4334","2"
"2803x6419","2"
"2866x125","1"
"2880x4466","2"
"2916x5260","2"
"2927x4651","2"
"2926x2674","2"
"2960x6102","2"
"2973x5110","2"
"3025x3692","2"
"3074x5257","2"
"3080x5841","2"
"3126x2749","2"
"3071x3935","2"
"3096x4369","2"
"3120x1105","2"
"3122x4726","2"
"3111x6412","2"
"3084x3109","2"
"3166x5661","2"
"3203x1510","2"
"3148x2309","2"
"3222x5513","2"
"3197x2950","2"
"3214x5916","2"
"3218x4490","2"
"3228x5280","2"
"3270x4186","2"
"3300x4308","2"
"3260x3440","2"
"3324x4576","2"
"3301x3734","2"
"3320x6058","2"
"3352x4070","2"
"3335x5021","2"
"3359x1091","2"
"3323x6465","2"
"3364x5937","2"
"3359x5256","2"
"3362x3568","2"
"3385x6253","2"
"3383x5417","2"
"3414x4881","2"
"3386x1833","2"
"3389x3123","2"
"3416x4672","2"
"3411x5640","2"
"3427x4528","2"
"3453x878","2"
"3466x2740","2"
"3466x3930","2"
"3511x5866","2"
"3493x6025","2"
"3487x4430","2"
"3497x5218","2"
"3507x2973","2"
"3542x5733","2"
"3531x5104","2"
"3521x3696","2"
"3546x6184","2"
"3541x2110","2"
"3543x4744","2"
"3573x4973","2"
"3572x1917","2"
"3591x2599","2"
"3598x997","2"
"3587x1792","2"
"3621x3884","2"
"3612x4320","2"
"3638x1640","2"
"3665x3543","2"
"3672x3705","2"
"3662x1282","2"
"3662x4119","2"
"3690x3439","2"
"3689x1991","2"
"3687x2908","2"
"3680x4808","2"
"3710x1762","2"
"3720x2151","2"
"3696x4553","2"
"3711x4679","2"
"3753x6514","2"
"3719x2629","2"
"3733x4309","2"
"3766x5297","2"
"3761x1123","2"
"3727x6042","2"
"3814x5458","2"
"3795x3235","3"
"3805x5811","3"
"3795x751","2"
"3800x2317","2"
"3799x4039","3"
"3833x4772","2"
"3831x1304","3"
"3867x5191","2"
"3843x3447","3"
"3902x6520","2"
"3927x793","2"
"3941x1810","3"
"3934x3757","3"
"3956x4150","2"
"3943x3148","2"
"3974x3879","3"
"3940x2689","2"
"3947x3581","3"
"3972x2174","2"
"3992x224","2"
"4008x1037","2"
"3996x2018","2"
"4012x2519","3"
"4026x2847","3"
"4007x6258","3"
"4003x4792","3"
"4056x1245","3"
"4063x3450","3"
"4052x4572","3"
"4091x1491","3"
"4099x2666","3"
"4064x6440","3"
"4084x6565","2"
"4097x6103","3"
"4104x5106","3"
"4097x2291","3"
"4089x528","2"
"4110x3586","3"
"4108x5879","3"
"4147x2123","3"
"4135x2429","2"
"4180x4528","3"
"4177x5444","3"
"4199x1841","3"
"4241x4940","3"
"4274x970","3"
"4244x3612","3"
"4235x6338","3"
"4237x3037","3"
"4311x4318","3"
"4388x1954","3"
"4284x825","3"
"4342x3036","3"
"4345x3674","3"
"4342x3202","3"
"4379x6351","3"
"4326x699","2"
"4427x3354","3"
"4395x5349","2"
"4419x2438","3"
"4417x4556","3"
"4434x102","3"
"4445x2701","3"
"4443x5876","3"
"4439x2236","3"
"4475x4708","3"
"4479x3955","3"
"4506x3823","3"
"4491x5739","3"
"4493x4359","3"
"4502x6429","3"
"4530x5152","3"
"4559x2733","3"
"4549x1439","3"
"4573x3050","3"
"4584x4796","3"
"4616x2498","3"
"4588x762","3"
"4611x1566","3"
"4622x3547","3"
"4602x4420","3"
"4616x5789","3"
"4617x1013","3"
"4629x4923","3"
"4656x3179","3"
"4647x2153","3"
"4673x4241","3"
"4718x4341","3"
"4692x1224","3"
"4705x4522","3"
"4729x5381","3"
"4713x5931","3"
"4738x3416","3"
"4730x2345","3"
"4771x3846","3"
"4747x1483","3"
"4760x5551","3"
"4789x834","3"
"4796x6269","3"
"4787x335","3"
"4831x5702","3"
"4805x3969","3"
"4785x1351","3"
"4824x4588","3"
"4832x5816","3"
"4837x5961","3"
"4834x1072","3"
"4843x1919","3"
"4852x2271","3"
"4849x5153","3"
"4894x6374","3"
"4862x2753","3"
"4897x85","3"
"4867x3356","3"
"4895x1559","3"
"4887x3710","3"
"4889x3549","3"
"4886x6070","3"
"4921x4079","3"
"4907x3227","3"
"4915x5499","3"
"4911x3096","3"
"4880x4307","3"
"4884x2947","3"
"4944x5230","3"
"4958x6105","3"
"4947x4907","3"
"4956x4497","3"
"4995x2631","3"
"5018x6547","3"
"5000x3469","3"
"4986x1216","3"
"5023x783","3"
"5040x1067","3"
"5051x3353","3"
"5048x5949","3"
"5091x630","3"
"5078x5550","3"
"5116x1531","3"
"5118x880","3"
"5129x6037","3"
"5154x4778","3"
"5138x4913","3"
"5184x994","3"
"5172x5235","3"
"5190x3948","3"
"5203x1124","3"
"5219x1892","3"
"5211x2607","3"
"5203x2895","3"
"5213x2740","3"
"5207x385","3"
"5219x166","3"
"5247x1284","3"
"5227x2273","3"
"5218x6328","3"
"5262x1801","3"
"5252x5910","3"
"5271x3021","3"
"5277x6161","3"
"5275x3504","3"
"5314x4858","3"
"5272x5434","3"
"5298x4727","3"
"5304x1513","3"
"5333x95","3"
"5343x5027","3"
"5382x6558","3"
"5331x2045","3"
"5331x3871","3"
"5349x6081","3"
"5352x2839","3"
"5405x648","3"
"5357x6253","3"
"5362x2282","3"
"5380x4618","3"
"5389x4497","3"
"5387x1744","3"
"5426x4374","3"
"5479x5613","3"
"5459x460","3"
"5451x1607","3"
"5462x6302","3"
"5501x2039","3"
"5467x1236","3"
"5470x3252","3"
"5478x4734","3"
"5487x2255","3"
"5508x5419","3"
"5508x6144","3"
"5568x2413","3"
"5561x766","3"
"5549x3552","3"
"5582x5828","3"
"5621x6247","3"
"5631x4789","3"
"5645x2275","3"
"5634x5331","3"
"5576x4124","3"
"5628x4930","3"
"5637x5160","3"
"5656x1674","3"
"5740x141","3"
"5684x3412","3"
"5651x6092","3"
"5690x6425","3"
"5696x5779","3"
"5702x3641","3"
"5722x5037","3"
"5763x5238","3"
"5731x1452","3"
"5709x2520","3"
"5722x4370","3"
"5699x900","3"
"5807x3991","3"
"5797x924","3"
"5788x2421","3"
"5800x5890","3"
"5821x5637","3"
"5797x521","3"
"5825x6038","3"
"5809x6336","3"
"5842x5771","3"
"5843x1342","3"
"5844x4147","3"
"5819x3298","3"
"5848x4403","3"
"5863x1554","3"
"5887x718","3"
"5894x4551","3"
"5916x2031","3"
"5934x1447","3"
"5937x2251","3"
"5913x2816","3"
"5937x3094","3"
"6004x5227","3"
"5983x4699","3"
"5976x5714","3"
"5981x1218","3"
"5999x1645","3"
"5987x6066","3"
"6025x2395","3"
"6028x4283","3"
"6046x1753","3"
"6062x5563","3"
"6041x6230","3"
"6060x2195","3"
"6098x3076","3"
"6093x5764","3"
"6090x646","3"
"6125x461","3"
"6114x5375","3"
"6127x3968","3"
"6139x4103","3"
"6114x3526","3"
"6156x6301","3"
"6166x1119","3"
"6158x2728","3"
"6238x3517","3"
"6236x1766","3"
"6222x3314","3"
"6213x4837","3"
"6229x3008","3"
"6233x4631","3"
"6233x3665","3"
"6259x5022","3"
"6272x2157","3"
"6249x6533","3"
"6283x3756","3"
"6264x4064","3"
"6285x2467","3"
"6311x4309","3"
"6301x5204","3"
"6307x2310","3"
"6346x3183","3"
"6373x762","3"
"6371x4731","3"
"6361x1674","3"
"6391x900","3"
"6411x623","3"
"6378x1501","3"
"6401x5086","3"
"6423x3344","3"
"6435x3831","3"
"6439x2636","3"
"6450x117","3"
"6469x2227","3"
"6450x3676","3"
"6475x5395","3"
"6501x1623","3"
"6509x2951","3"
"6512x3146","3"
"6546x3981","3"
"6520x4977","3"
"6552x6556","3"
"6574x2749","3"
"6575x4808","3"
"6576x1361","3"
"6584x3576","3"
"6617x5999","3"
"6604x5358","3"
"6616x5125","3"
"6609x2279","3"
"6642x4936","3"
"6642x1518","3"
"6667x688","3"
"6687x4142","3"
"6714x307","3"
"6716x3101","3"
"6712x999","3"
"6699x1722","3"
"6695x3510","3"
"6727x1151","3"
"6755x1963","3"
"6752x158","3"
"6764x4555","3"
"6768x5494","3"
"6771x6251","3"
"6789x771","3"
"6787x2109","3"
"6806x2756","3"
"6789x1406","3"
"6789x1259","3"
"6810x4013","3"
"6807x59","3"
"6824x4742","3"
"6836x6395","3"
"6850x992","3"
"6866x4229","3"
"6845x4876","3"
"6864x3224","3"
"6876x2153","3"
"6899x1850","3"
"6905x5721","3"
"6931x3426","3"
"6922x5068","3"
"6924x5254","3"
"6918x6545","3"
"6932x361","3"
"6945x2735","3"
"6961x4096","3"
"6964x2485","3"
"6972x1631","3"
"6991x5422","3"
"6982x980","3"
"7008x4554","3"
"7009x6175","3"
"7024x4770","3"
"7050x5272","3"
"7033x1292","3"
"7050x4897","3"
"7042x6403","3"
"7048x4643","3"
"7045x439","3"
"7038x3002","3"
"7037x147","3"
"7060x3565","3"
"7103x890","3"
"7097x2752","3"
"7069x3981","3"
"7120x6537","3"
"7075x3659","3"
"7118x6084","3"
"7130x1884","3"
"7143x277","3"
"7149x4408","3"
"7202x5467","3"
"7216x4991","3"
"7243x6120","3"
"7249x499","3"
"7224x3868","3"
"7250x3638","3"
"7232x4642","3"
"7242x4827","3"
"7238x977","3"
"7259x2064","3"
"7249x3429","3"
"7212x5906","3"
"7252x4552","3"
"7280x1467","3"
"7338x188","3"
"7314x1699","3"
"7332x3404","3"
"7342x2872","3"
"7353x5189","3"
"7385x864","3"
"7396x4773","3"
"7421x5744","3"
"7422x697","3"
"7423x3354","3"
"7414x2226","3"
"7414x4227","3"
"7437x5847","3"
"7438x5959","3"
"7440x6390","3"
"7439x391","3"
"7460x1238","3"
"7450x2057","3"
"7455x5420","3"
"7440x5642","3"
"7458x2570","3"
"7470x3052","3"
"7484x4921","3"
"7497x6314","3"
"7496x277","3"
"7493x1825","3"
"7572x513","3"
"7540x5305","3"
"7522x4094","3"
"7531x2753","3"
"7535x5149","3"
"7534x2926","3"
"7554x3279","3"
"7550x4403","3"
"7570x5584","3"
"7553x4243","3"
"7564x4666","3"
"7615x682","3"
"7573x2178","3"
"7586x213","3"
"7579x3986","3"
"7589x2387","3"
"7565x60","3"
"7577x1033","3"
"7638x3438","3"
"7644x2004","3"
"7656x4279","3"
"7668x3002","3"
"7664x3901","3"
"7647x3697","3"
"7708x2506","3"
"7692x1800","3"
"7724x4516","3"
"7755x4917","3"
"7785x5059","3"
"7740x3796","3"
"7756x3150","3"
"7762x1692","3"
"7760x1129","3"
"7759x3368","3"
"7783x6514","3"
"7766x1318","3"
"7774x4780","3"
"7796x1009","3"
"7814x2021","3"
"7807x2348","3"
"7824x2843","3"
"7848x5721","3"
"7875x4710","3"
"7885x6398","3"
"7896x3771","3"
"7862x6137","3"
"7873x2531","3"
"7921x3365","3"
"7961x6125","3"
"7927x607","3"
"7935x103","3"
"7952x2990","3"
"7962x4469","3"
"7977x1732","4"
"7956x422","3"
"7948x1383","3"
"7969x4136","3"
"8005x5806","3"
"8017x1272","3"
"8027x1173","3"
"8007x4013","3"
"8061x4757","3"
"8039x3877","3"
"8068x5356","3"
"8025x314","3"
"8076x575","3"
"8072x1434","3"
"8052x726","3"
"8068x4145","3"
"8081x5672","3"
"8084x1098","3"
"8099x4982","3"
"8105x4007","4"
"8076x5960","3"
"8100x861","3"
"8071x6544","3"
"8128x1008","3"
"8158x3850","4"
"8125x6098","4"
"8165x2812","4"
"8163x5858","3"
"8159x451","3"
"8170x1870","3"
"8135x4559","3"
"8170x3230","4"
"8197x6380","3"
"8206x2642","3"
"8208x2333","3"
"8216x5718","3"
"8207x5398","3"
"8224x730","3"
"8337x1658","4"
"8280x3143","4"
"8277x507","3"
"8296x6129","3"
"8310x1108","3"
"8305x4147","4"
"8296x5507","3"
"8332x3267","4"
"8332x6285","4"
"8316x6450","3"
"8311x3961","4"
"8327x5907","3"
"8350x5676","4"
"8336x3842","4"
"8356x2709","4"
"8320x3583","4"
"8350x3000","4"
"8376x2503","3"
"8384x5251","3"
"8386x75","3"
"8406x4567","3"
"8401x5508","3"
"8413x5356","3"
"8425x6532","3"
"8427x5135","3"
"8446x3129","4"
"8467x3936","4"
"8463x4042","4"
"8482x1121","3"
"8472x1003","3"
"8468x2551","4"
"8468x4674","3"
"8496x1362","4"
"8515x3592","3"
"8500x1899","3"
"8585x38","3"
"8561x473","3"
"8541x6083","3"
"8552x1527","4"
"8571x2937","4"
"8573x779","3"
"8593x1722","3"
"8607x3234","4"
"8618x195","3"
"8629x5202","4"
"8641x395","3"
"8638x4918","4"
"8653x882","3"
"8644x2558","4"
"8653x1383","4"
"8682x4779","4"
"8665x5073","4"
"8701x1955","4"
"8692x3108","4"
"8704x2410","4"
"8703x4279","4"
"8704x765","3"
"8688x1123","3"
"8714x5636","4"
"8746x2070","4"
"8771x2725","4"
"8730x3749","4"
"8724x592","4"
"8736x5500","4"
"8720x6292","4"
"8699x6526","4"
"8767x1277","4"
"8769x2264","4"
"8789x3026","4"
"8789x2897","4"
"8810x407","4"
"8806x4015","4"
"8837x940","4"
"8849x6554","4"
"8850x3143","4"
"8854x3721","3"
"8851x4898","4"
"8878x5486","4"
"8863x3423","4"
"8879x6106","4"
"8891x5084","4"
"8851x72","4"
"8946x1526","4"
"8919x5293","4"
"8907x1343","4"
"8945x2067","4"
"8943x6349","4"
"8961x922","4"
"8972x2462","4"
"8964x670","4"
"8971x1181","4"
"8976x3205","4"
"8975x3441","4"
"8988x329","4"
"9005x6230","4"
"9008x5032","4"
"9033x5813","4"
"9010x3027","4"
"9050x5689","4"
"9046x2737","4"
"9037x3605","4"
"9094x1087","4"
"9075x1437","4"
"9078x6078","4"
"9092x223","4"
"9100x3472","4"
"9065x4162","4"
"9086x4696","4"
"9095x3162","4"
"9105x3971","4"
"9121x88","4"
"9175x349","4"
"9108x837","4"
"9120x2116","4"
"9126x3707","4"
"9124x2441","4"
"9123x4440","4"
"9177x2676","4"
"9170x6314","4"
"9179x1988","4"
"9209x1739","4"
"9184x4655","4"
"9199x1157","4"
"9190x2194","4"
"9238x1415","4"
"9246x4814","4"
"9234x4505","4"
"9200x4338","4"
"9233x4048","4"
"9234x834","4"
"9255x2298","4"
"9248x5569","4"
"9258x2518","4"
"9271x1266","4"
"9284x4627","4"
"9297x1860","4"
"9330x856","4"
"9284x6555","4"
"9334x2619","4"
"9348x1021","4"
"9354x3386","4"
"9372x4161","4"
"9365x4441","4"
"9374x4602","4"
"9379x2266","4"
"9391x2515","4"
"9391x1245","4"
"9398x6216","4"
"9447x1744","4"
"9423x3242","4"
"9414x4315","4"
"9390x4905","4"
"9464x2170","4"
"9452x6548","4"
"9452x2382","4"
"9446x3049","4"
"9471x3785","4"
"9474x336","4"
"9513x4357","4"
"9529x4104","4"
"9527x2731","4"
"9544x3436","4"
"9508x4563","4"
"9499x4730","4"
"9531x2962","4"
"9565x763","4"
"9559x444","4"
"9609x1272","4"
"9584x5768","4"
"9574x6229","4"
"9589x621","4"
"9608x1530","4"
"9617x2001","4"
"9660x3256","4"
"9604x5606","4"
"9629x853","4"
"9629x2500","4"
"9631x2682","4"
"9649x4704","4"
"9642x5893","4"
"9650x4538","4"
"9664x2147","4"
"9640x6023","4"
"9647x6532","4"
"9622x1091","4"
"9689x3829","4"
"9651x4969","4"
"9657x3565","4"
"9706x4159","4"
"9729x681","4"
"9695x4355","4"
"9717x6162","4"
"9705x1826","4"
"9744x2854","4"
"9748x500","4"
"9762x2630","4"
"9739x2403","4"
"9761x4468","4"
"9744x6392","4"
"9783x6010","4"
"9801x5228","4"
"9796x5819","4"
"9788x1344","4"
"9808x839","4"
"9817x6537","4"
"9786x2247","4"
"9827x3096","4"
"9841x2333","4"
"9851x1706","4"
"9819x1949","4"
"9854x5459","4"
"9875x550","4"
"9866x973","4"
"9859x3638","4"
"9882x4379","4"
"9873x2765","4"
"9907x1103","4"
"9865x3377","4"
"9875x3907","4"
"9871x5642","4"
"9893x6295","4"
"9910x6017","4"
"9909x2871","4"
"9926x4209","4"
"9925x1328","4"
"9979x2256","4"
"9979x4103","4"
"9980x2535","4"
"9964x4998","4"
"10018x5573","4"
"9977x6396","4"
"10001x1559","4"
"9989x3548","4"
"9975x2959","4"
"10018x3838","4"
"10004x949","4"
"10016x2051","4"
"10017x491","4"
"10014x4670","4"
"10074x4913","4"
"10046x6467","4"
"10061x2418","4"
"10088x4442","4"
"10090x727","4"
"10135x1220","4"
"10083x3681","4"
"10086x2185","4"
"10106x382","4"
"10157x2755","4"
"10155x955","4"
"10135x2008","4"
"10119x4113","4"
"10139x5166","4"
"10154x1656","4"
"10164x3769","4"
"10180x2570","4"
"10191x229","4"
"10186x3578","4"
"10169x5842","4"
"10200x6314","4"
"10208x2218","4"
"10226x535","4"
"10213x5549","4"
"10241x2393","4"
"10212x3990","4"
"10228x4738","4"
"10242x5101","4"
"10245x3227","4"
"10254x3792","4"
"10213x69","4"
"10255x3020","4"
"10279x820","4"
"10272x2035","4"
"10298x3506","4"
"10306x5941","4"
"10369x4087","4"
"10297x3882","4"
"10351x3675","4"
"10365x4263","4"
"10363x5084","4"
"10362x2245","4"
"10382x6516","4"
"10394x5827","4"
"10396x2993","4"
"10379x5459","4"
"10434x2562","4"
"10403x1965","4"
"10392x4422","4"
"10379x4617","4"
"10457x3475","4"
"10445x5677","4"
"10473x3304","4"
"10478x1751","4"
"10477x1873","4"
"10488x5375","4"
"10462x6005","4"
"10500x2780","4"
"10513x2957","4"
"10546x4435","4"
"10541x360","4"
"10515x4946","4"
"10539x1059","4"
"10540x6323","4"
"10543x4630","4"
"10541x6155","4"
"10549x652","4"
"10582x2103","4"
"10548x2321","4"
"10618x1788","4"
"10603x3345","4"
"10604x5183","4"
"10608x198","4"
"10597x2595","4"
"10645x4949","4"
"10678x4759","4"
"10701x5274","4"
"10712x1935","4"
"10766x6412","4"
"10794x5447","4"
"10780x775","4"
"10776x5833","4"
"10804x5982","4"
"10780x2707","4"
"10897x5563","4"
"10909x6515","4"
"10905x1330","4"
"10962x3586","4"
"10967x5861","4"
"10939x4234","4"
"10952x4801","4"
"11001x4077","4"
"11004x3906","4"
"11003x6047","4"
"10976x1180","4"
"11008x2790","4"
"11000x6321","4"
"11006x2600","4"
"11048x3474","4"
"11112x1858","4"
"11132x4275","4"
"11149x5360","4"
"11164x6281","4"
"11157x6116","4"
"11175x5682","4"
"11209x4580","4"
"11226x4774","4"
"11238x5964","4"
"11279x5252","4"
"11276x667","4"
"11429x5206","4"
"11501x71","4"
"11437x2101","4"
"11474x5047","4"
"11570x5875","4"
"11587x2128","4"
"11605x3297","4"
"11549x3628","4"
"11631x2027","4"
"11605x4925","4"
"11637x5298","4"
"11702x4596","4"
"11831x3904","4"
"11789x4618","4"
"11822x4071","4"
"11845x1465","4"
"11919x2593","4"
"11911x3748","4"
"11953x3129","4"
"11974x1510","4"
"11919x6078","4"
"12039x1940","4"
"12090x6252","4"
"12101x3456","4"
"12121x1107","4"
"12116x1850","4"
"12149x4679","4"
"12140x1251","4"
